City_ID,City,Lat,Lng,Max Temp,Humidity,Cloudiness,Wind Speed,Country,Date
0,Araouane,18.9,-3.53,100.38,16,47,5.7,ML,2020-04-16 14:36:52
1,Beloha,-25.17,45.05,82.06,54,0,9.73,MG,2020-04-16 14:36:52
2,Chuy,-33.7,-53.46,70.16,71,42,12.71,UY,2020-04-16 14:36:52
3,Ushuaia,-54.8,-68.3,50.0,71,98,5.48,AR,2020-04-16 14:36:52
4,Kalmunai,7.42,81.82,83.17,75,81,7.18,LK,2020-04-16 14:36:52
5,Saint-Philippe,-21.36,55.77,78.8,65,7,24.16,RE,2020-04-16 14:36:52
6,Georgetown,5.41,100.34,86.0,83,20,3.36,MY,2020-04-16 14:34:07
7,Longyearbyen,78.22,15.64,35.6,59,20,9.17,SJ,2020-04-16 14:34:38
8,Sao Joao Da Barra,-21.64,-41.05,77.0,83,96,2.24,BR,2020-04-16 14:36:52
9,Jamestown,42.1,-79.24,32.0,68,75,6.93,US,2020-04-16 14:36:52
10,Shache,38.42,77.24,67.77,16,100,4.43,CN,2020-04-16 14:36:52
11,Port Alfred,-33.59,26.89,66.99,77,66,1.99,ZA,2020-04-16 14:36:52
12,East London,-33.02,27.91,71.6,60,98,9.17,ZA,2020-04-16 14:36:52
13,Graaff-Reinet,-32.25,24.53,75.0,26,0,4.0,ZA,2020-04-16 14:36:52
14,Galbshtadt,53.23,78.98,50.94,58,80,4.29,RU,2020-04-16 14:36:53
15,Gweru,-19.45,29.82,77.07,33,16,3.33,ZW,2020-04-16 14:36:53
16,Hermanus,-34.42,19.23,71.01,76,3,4.0,ZA,2020-04-16 14:36:53
17,Balkhash,46.84,74.98,52.05,38,34,4.29,KZ,2020-04-16 14:36:53
18,Chebenki,51.93,55.71,42.8,75,75,11.18,RU,2020-04-16 14:36:53
19,Ilulissat,69.22,-51.1,30.2,86,75,5.82,GL,2020-04-16 14:36:53
20,Inhambane,-23.86,35.38,79.39,85,20,10.6,MZ,2020-04-16 14:36:53
21,Koungou,-12.73,45.2,87.8,66,28,4.7,YT,2020-04-16 14:36:53
22,Pali,25.77,73.33,93.67,16,100,4.29,IN,2020-04-16 14:33:09
23,Ostrovnoy,68.05,39.51,32.56,95,98,17.2,RU,2020-04-16 14:36:53
24,Aksu,41.12,80.26,57.49,43,100,8.03,CN,2020-04-16 14:35:00
25,Saint George,37.1,-113.58,53.01,49,1,2.93,US,2020-04-16 14:36:01
26,Alcanena,39.46,-8.67,66.0,63,75,23.04,PT,2020-04-16 14:36:54
27,Oussouye,12.48,-16.55,102.2,20,4,6.93,SN,2020-04-16 14:36:54
28,Souillac,-20.52,57.52,75.2,94,75,13.87,MU,2020-04-16 14:36:54
29,Ullapool,57.9,-5.16,50.0,57,21,5.99,GB,2020-04-16 14:36:54
30,Luderitz,-26.65,15.16,73.4,53,79,21.92,NA,2020-04-16 14:36:54
31,Livani,56.35,26.18,39.74,76,89,18.59,LV,2020-04-16 14:36:54
32,Inirida,3.87,-67.92,92.52,44,34,1.92,CO,2020-04-16 14:36:54
33,Port Elizabeth,-33.92,25.57,69.8,60,4,16.11,ZA,2020-04-16 14:36:55
34,Thinadhoo,0.53,72.93,85.33,68,96,6.35,MV,2020-04-16 14:36:55
35,Canutama,-6.53,-64.38,84.38,68,2,5.14,BR,2020-04-16 14:36:55
36,Muros,42.78,-9.06,64.0,93,75,9.17,ES,2020-04-16 14:36:55
37,Cape Town,-33.93,18.42,71.01,68,40,9.17,ZA,2020-04-16 14:36:55
38,Belokurikha,52.0,84.99,48.07,55,62,7.56,RU,2020-04-16 14:36:55
39,Punta Arenas,-53.15,-70.92,48.2,93,90,8.05,CL,2020-04-16 14:36:55
40,Buraydah,26.33,43.98,78.8,27,0,1.66,SA,2020-04-16 14:36:56
41,Havoysund,71.0,24.66,37.4,59,86,3.36,NO,2020-04-16 14:36:56
42,Praia Da Vitoria,38.73,-27.07,64.4,68,75,20.13,PT,2020-04-16 14:36:56
43,Bambous Virieux,-20.34,57.76,75.2,94,75,13.87,MU,2020-04-16 14:36:56
44,Aksarka,66.56,67.8,22.95,96,41,9.95,RU,2020-04-16 14:36:56
45,Menongue,-14.66,17.69,77.56,42,77,4.63,AO,2020-04-16 14:36:56
46,Busselton,-33.65,115.33,55.99,49,0,12.46,AU,2020-04-16 14:36:56
47,Kaduqli,11.02,29.72,101.82,6,5,3.78,SD,2020-04-16 14:36:56
48,Adrar,20.5,-10.07,95.67,20,97,9.89,MR,2020-04-16 14:36:56
49,Husavik,66.04,-17.34,42.8,56,75,25.28,IS,2020-04-16 14:36:56
50,Lasa,46.62,10.7,73.4,46,100,9.17,IT,2020-04-16 14:36:56
51,Bridlington,54.08,-0.19,62.6,50,0,12.48,GB,2020-04-16 14:34:56
52,Abnub,27.27,31.15,89.6,24,85,18.34,EG,2020-04-16 14:36:57
53,Monastyrshchina,54.35,31.84,45.72,61,81,21.3,RU,2020-04-16 14:36:57
54,Tremedal,-14.98,-41.41,82.02,54,49,6.67,BR,2020-04-16 14:36:57
55,Las Palmas,28.42,-14.01,71.6,68,20,8.05,ES,2020-04-16 14:36:57
56,Comodoro Rivadavia,-45.87,-67.5,69.8,56,11,9.17,AR,2020-04-16 14:36:57
57,Bredasdorp,-34.53,20.04,73.4,43,15,13.87,ZA,2020-04-16 14:36:57
58,Hithadhoo,-0.6,73.08,85.91,68,45,5.53,MV,2020-04-16 14:36:57
59,Qaanaaq,77.48,-69.36,15.1,82,74,5.59,GL,2020-04-16 14:36:57
60,Mahajanga,-15.72,46.32,93.2,46,20,10.29,MG,2020-04-16 14:36:57
61,Paracuru,-3.41,-39.03,84.2,74,75,13.87,BR,2020-04-16 14:32:19
62,Salalah,17.02,54.09,84.2,70,40,11.41,OM,2020-04-16 14:36:58
63,Grindavik,63.84,-22.43,42.8,75,75,19.46,IS,2020-04-16 14:36:58
64,Vila Velha,-20.33,-40.29,82.99,78,20,9.17,BR,2020-04-16 14:36:58
65,Nanortalik,60.14,-45.24,33.53,89,100,7.83,GL,2020-04-16 14:36:58
66,Uppsala,60.0,17.75,51.01,39,100,13.87,SE,2020-04-16 14:34:22
67,Ponta Do Sol,32.67,-17.1,68.0,60,40,21.92,PT,2020-04-16 14:36:58
68,Murrhardt,48.98,9.57,72.0,28,99,10.29,DE,2020-04-16 14:36:58
69,Chiredzi,-21.05,31.67,90.75,29,40,6.8,ZW,2020-04-16 14:36:59
70,Swabi,34.12,72.47,73.99,42,99,2.48,PK,2020-04-16 14:32:14
71,Ilhabela,-23.78,-45.36,74.93,72,95,5.32,BR,2020-04-16 14:36:59
72,Corinto,37.94,22.96,64.99,34,0,13.87,GR,2020-04-16 14:36:59
73,Altamira,-3.2,-52.21,82.4,78,40,2.24,BR,2020-04-16 14:36:59
74,Norton Shores,43.17,-86.26,36.0,43,75,16.11,US,2020-04-16 14:36:59
75,Pangnirtung,66.15,-65.71,19.4,62,90,9.17,CA,2020-04-16 14:36:59
76,Harnosand,62.63,17.94,48.0,33,5,25.28,SE,2020-04-16 14:34:01
77,Hobyo,5.35,48.53,85.64,70,6,12.35,SO,2020-04-16 14:36:59
78,Codrington,-38.27,141.97,54.97,75,49,20.69,AU,2020-04-16 14:36:59
79,Bubaque,11.28,-15.83,81.5,64,58,7.83,GW,2020-04-16 14:36:59
80,Ribeira Brava,32.65,-17.07,68.0,60,40,21.92,PT,2020-04-16 14:36:59
81,Zabol,32.25,67.25,49.46,41,100,10.16,AF,2020-04-16 14:36:59
82,Nosy Varika,-20.58,48.53,75.72,81,5,6.55,MG,2020-04-16 14:36:59
83,Itacare,-14.28,-39.0,83.71,66,19,7.92,BR,2020-04-16 14:36:59
84,Santa Rosa,14.31,121.11,84.99,74,75,6.93,PH,2020-04-16 14:36:15
85,Vikulovo,56.82,70.61,50.04,65,69,7.58,RU,2020-04-16 14:32:05
86,El Calvario,14.12,-89.92,78.71,40,6,1.1,GT,2020-04-16 14:37:00
87,Mocuba,-16.84,36.99,82.54,65,0,6.64,MZ,2020-04-16 14:37:00
88,Hualmay,-11.1,-77.61,77.56,60,70,9.37,PE,2020-04-16 14:37:00
89,Hukuntsi,-24.0,21.75,80.4,12,0,6.42,BW,2020-04-16 14:37:00
90,Kruisfontein,-34.0,24.73,65.3,56,0,10.67,ZA,2020-04-16 14:37:00
91,Santa Lucia,27.91,-15.54,73.0,68,40,8.05,ES,2020-04-16 14:37:00
92,Hit,33.64,42.83,81.84,17,49,4.94,IQ,2020-04-16 14:37:00
93,Sistranda,63.73,8.83,39.2,72,75,24.16,NO,2020-04-16 14:34:12
94,Iqaluit,63.75,-68.51,10.4,78,75,25.28,CA,2020-04-16 14:37:00
95,Gibara,21.11,-76.13,82.4,74,40,6.93,CU,2020-04-16 14:37:00
96,Ponta Delgada,37.73,-25.67,60.8,77,40,12.75,PT,2020-04-16 14:37:00
97,Rawson,-43.3,-65.1,73.58,39,3,8.86,AR,2020-04-16 14:37:00
98,Keetmanshoop,-26.58,18.13,82.4,12,62,8.05,NA,2020-04-16 14:37:01
99,Banfora,10.63,-4.77,105.39,16,6,10.13,BF,2020-04-16 14:37:01
100,Mar Del Plata,-38.0,-57.56,62.6,72,20,4.7,AR,2020-04-16 14:37:01
101,Rosetta,31.4,30.42,66.2,63,40,13.87,EG,2020-04-16 14:37:01
102,Severnyy,50.68,36.55,51.8,50,75,22.37,RU,2020-04-16 14:35:42
103,Domoni,-12.26,44.53,83.21,70,23,6.73,KM,2020-04-16 14:37:01
104,Nizwa,22.93,57.53,82.11,26,47,6.51,OM,2020-04-16 14:37:01
105,Dikson,73.51,80.55,3.09,87,28,8.75,RU,2020-04-16 14:33:04
106,Nantucket,41.28,-70.1,48.2,49,1,13.87,US,2020-04-16 14:37:01
107,Monrovia,6.3,-10.8,93.2,63,40,3.36,LR,2020-04-16 14:37:01
108,Robertsport,6.75,-11.37,88.48,61,80,6.24,LR,2020-04-16 14:37:01
109,Sohag,26.56,31.69,95.0,6,66,16.11,EG,2020-04-16 14:33:31
110,Kirkwall,58.98,-2.96,48.99,61,40,5.82,GB,2020-04-16 14:37:01
111,Tazovskiy,67.47,78.7,13.1,96,0,7.7,RU,2020-04-16 14:32:06
112,Chabahar,25.29,60.64,82.17,55,96,2.21,IR,2020-04-16 14:32:05
113,Berlevag,70.86,29.09,33.8,74,75,6.91,NO,2020-04-16 14:37:02
114,Kulu,39.1,33.08,53.38,41,54,17.16,TR,2020-04-16 14:37:02
115,Castelo Do Piaui,-5.32,-41.55,85.08,67,55,3.47,BR,2020-04-16 14:37:02
116,Tasiilaq,65.61,-37.64,31.32,97,100,19.06,GL,2020-04-16 14:37:02
117,Rundu,-17.93,19.77,80.6,26,56,5.82,NA,2020-04-16 14:37:02
118,Cururupu,-1.83,-44.87,82.69,81,100,2.64,BR,2020-04-16 14:37:02
119,Brae,60.4,-1.35,46.4,65,39,9.17,GB,2020-04-16 14:37:02
120,Morondava,-20.28,44.28,83.64,69,3,8.16,MG,2020-04-16 14:37:02
121,Upernavik,72.79,-56.15,28.38,94,100,10.38,GL,2020-04-16 14:37:02
122,Dingle,11.0,122.67,80.6,72,0,9.08,PH,2020-04-16 14:37:02
123,Tukrah,32.53,20.58,62.53,61,0,17.9,LY,2020-04-16 14:37:03
124,Narsaq,60.92,-46.05,37.4,59,75,5.82,GL,2020-04-16 14:37:03
125,Iisalmi,63.56,27.19,37.4,64,20,16.11,FI,2020-04-16 14:37:03
126,Sambava,-14.27,50.17,76.55,86,72,7.61,MG,2020-04-16 14:37:03
127,Saldanha,-33.01,17.94,69.8,82,20,17.22,ZA,2020-04-16 14:37:03
128,Gloversville,43.05,-74.34,39.99,66,90,12.75,US,2020-04-16 14:32:24
129,Itaituba,-4.28,-55.98,80.6,88,75,1.01,BR,2020-04-16 14:37:03
130,Tortoli,39.93,9.66,66.2,63,75,5.82,IT,2020-04-16 14:37:03
131,Wadi Musa,30.32,35.48,65.93,25,45,10.09,JO,2020-04-16 14:37:03
132,Kalakamati,-20.59,27.31,78.8,65,40,6.93,BW,2020-04-16 14:37:03
133,Skjervoy,70.03,20.97,39.2,60,0,2.24,NO,2020-04-16 14:37:03
134,Labe,11.32,-12.28,86.52,28,81,6.15,GN,2020-04-16 14:37:04
135,Bathsheba,13.22,-59.52,86.0,62,40,19.46,BB,2020-04-16 14:37:04
136,Victoria,22.29,114.16,75.0,73,20,6.93,HK,2020-04-16 14:37:04
137,Gra Liyia,35.02,25.68,63.0,51,20,23.04,GR,2020-04-16 14:37:04
138,Sundargarh,22.12,84.03,91.71,16,73,5.1,IN,2020-04-16 14:37:04
139,Kralendijk,12.15,-68.27,86.0,62,40,19.46,BQ,2020-04-16 14:37:04
140,Marystown,47.17,-55.15,37.24,79,50,14.56,CA,2020-04-16 14:37:04
141,Kashi,39.45,75.98,69.8,14,4,2.24,CN,2020-04-16 14:37:04
142,Villazon,-22.09,-65.59,50.9,17,79,8.19,BO,2020-04-16 14:37:05
143,Clyde River,70.47,-68.59,6.8,84,90,20.8,CA,2020-04-16 14:37:05
144,Ploemeur,47.73,-3.43,66.99,63,39,4.7,FR,2020-04-16 14:37:05
145,Guarapari,-20.67,-40.5,82.99,78,20,9.17,BR,2020-04-16 14:37:05
146,Jacareacanga,-6.22,-57.75,75.2,100,75,1.12,BR,2020-04-16 14:37:05
147,Santa Marta,11.24,-74.2,84.99,74,5,4.7,CO,2020-04-16 14:37:05
148,Peru,40.75,-86.07,39.0,64,1,13.87,US,2020-04-16 14:35:43
149,Asfi,32.3,-9.24,69.62,54,97,14.12,MA,2020-04-16 14:37:05
150,Arraial Do Cabo,-22.97,-42.03,78.8,83,75,8.05,BR,2020-04-16 14:37:05
151,Novoagansk,61.94,76.66,34.95,97,100,2.48,RU,2020-04-16 14:37:05
152,Caravelas,-17.71,-39.25,82.47,71,51,4.56,BR,2020-04-16 14:37:05
153,Pasni,25.26,63.47,83.8,49,100,12.37,PK,2020-04-16 14:37:05
154,Iquique,-20.22,-70.14,73.4,53,0,19.46,CL,2020-04-16 14:35:53
155,Hearst,49.68,-83.67,20.19,92,99,9.93,CA,2020-04-16 14:37:06
156,Andenes,69.31,16.12,39.99,76,75,8.05,NO,2020-04-16 14:37:06
157,Caraz,-9.05,-77.81,67.23,22,52,2.57,PE,2020-04-16 14:37:06
158,Mahebourg,-20.41,57.7,75.2,94,75,13.87,MU,2020-04-16 14:37:06
159,Chepen,-7.22,-79.45,66.2,29,31,11.41,PE,2020-04-16 14:37:06
160,Aasiaat,68.71,-52.87,29.25,97,100,8.7,GL,2020-04-16 14:37:06
161,Ygatimi,-24.08,-55.5,76.06,26,0,4.07,PY,2020-04-16 14:37:06
162,Strezhevoy,60.73,77.59,41.0,97,100,2.24,RU,2020-04-16 14:37:06
163,Tete,-16.16,33.59,100.4,35,75,3.36,MZ,2020-04-16 14:37:06
164,Porto Novo,6.5,2.6,89.6,75,20,17.22,BJ,2020-04-16 14:37:06
165,Bibbiena,43.7,11.81,71.01,26,100,6.93,IT,2020-04-16 14:37:06
166,Sorland,67.67,12.69,37.4,69,75,24.0,NO,2020-04-16 14:37:06
167,Marawi,8.0,124.29,69.51,72,33,2.82,PH,2020-04-16 14:37:06
168,Klaksvik,62.23,-6.59,44.6,70,47,8.05,FO,2020-04-16 14:37:07
169,Muravlenko,63.79,74.52,30.0,98,100,7.74,RU,2020-04-16 14:37:07
170,Axim,4.87,-2.24,87.48,68,16,11.21,GH,2020-04-16 14:37:07
171,Cidreira,-30.18,-50.21,67.51,61,26,18.81,BR,2020-04-16 14:37:07
172,Natal,-5.79,-35.21,77.0,94,90,4.7,BR,2020-04-16 14:37:07
173,Mochudi,-24.42,26.15,84.2,13,0,10.29,BW,2020-04-16 14:37:07
174,Shiraz,29.6,52.54,60.8,48,40,6.93,IR,2020-04-16 14:35:47
175,Loviisa,60.46,26.23,44.01,52,75,10.29,FI,2020-04-16 14:37:07
176,Samana,19.21,-69.34,77.0,88,75,4.7,DO,2020-04-16 14:37:07
177,Plaster Rock,46.91,-67.39,33.01,76,75,11.41,CA,2020-04-16 14:37:07
178,Ormond Beach,29.29,-81.06,63.0,93,75,5.82,US,2020-04-16 14:32:50
179,Sur,22.57,59.53,88.43,34,96,15.17,OM,2020-04-16 14:37:08
180,Koboko,3.41,30.96,81.21,44,73,2.24,UG,2020-04-16 14:37:08
181,Bhawanipatna,19.9,83.17,89.92,23,34,5.1,IN,2020-04-16 14:37:08
182,Mangrol,21.12,70.12,83.03,56,30,15.23,IN,2020-04-16 14:37:08
183,Novyy Urengoy,66.08,76.63,22.59,98,86,6.31,RU,2020-04-16 14:37:08
184,Marfino,55.7,37.38,39.2,86,90,11.18,RU,2020-04-16 14:37:08
185,Havre-Saint-Pierre,50.23,-63.6,28.4,42,1,18.34,CA,2020-04-16 14:37:08
186,Hofn,64.25,-15.21,42.8,69,75,9.17,IS,2020-04-16 14:37:08
187,Gumla,23.05,84.55,84.78,18,63,5.28,IN,2020-04-16 14:37:08
188,Horn,51.87,8.95,70.0,39,75,3.36,DE,2020-04-16 14:37:09
189,Aden,12.78,45.04,84.52,72,26,9.4,YE,2020-04-16 14:37:09
190,Takoradi,4.88,-1.76,88.27,67,20,12.8,GH,2020-04-16 14:37:09
191,Tourlaville,49.64,-1.57,69.8,60,29,10.29,FR,2020-04-16 14:37:08
192,Kyrylivka,46.38,35.37,51.94,64,65,20.56,UA,2020-04-16 14:37:09
193,Laje,-10.18,-40.97,80.56,55,83,7.81,BR,2020-04-16 14:35:17
194,Porto Walter,-8.27,-72.74,70.09,91,100,3.96,BR,2020-04-16 14:37:09
195,Tougue,11.47,-11.6,90.25,27,48,6.67,GN,2020-04-16 14:37:09
196,Puerto Del Rosario,28.5,-13.86,77.0,68,20,8.05,ES,2020-04-16 14:37:09
197,Santa Vitoria Do Palmar,-33.52,-53.37,70.52,70,44,12.57,BR,2020-04-16 14:37:09
198,Usinsk,65.99,57.53,37.4,84,100,12.48,RU,2020-04-16 14:37:10
199,Kindu,-2.95,25.95,87.58,54,96,1.25,CD,2020-04-16 14:37:10
200,Mehamn,71.04,27.85,37.4,64,100,4.7,NO,2020-04-16 14:37:10
201,Alberton,46.82,-64.07,35.01,25,96,11.7,CA,2020-04-16 14:37:10
202,Maragogi,-9.01,-35.22,83.88,70,96,8.84,BR,2020-04-16 14:37:10
203,Ribeira Grande,38.52,-28.7,62.6,59,40,14.99,PT,2020-04-16 14:37:10
204,Honningsvag,70.98,25.97,37.4,64,100,4.7,NO,2020-04-16 14:37:10
205,Urucara,-2.54,-57.76,86.18,62,68,2.04,BR,2020-04-16 14:37:10
206,Virginia Beach,36.85,-75.98,57.2,43,1,10.29,US,2020-04-16 14:35:20
207,Netivot,31.42,34.59,71.01,69,7,1.99,IL,2020-04-16 14:37:11
208,Lebu,-37.62,-73.65,62.29,73,99,10.0,CL,2020-04-16 14:37:11
209,Gamba,-2.65,10.0,79.93,85,100,12.03,GA,2020-04-16 14:37:11
210,Bandarbeyla,9.49,50.81,83.57,71,0,12.19,SO,2020-04-16 14:37:11
211,Puntarenas,9.98,-84.84,77.0,61,89,12.75,CR,2020-04-16 14:36:00
212,Yazman,29.12,71.74,94.06,14,100,5.99,PK,2020-04-16 14:37:11
213,Evans,33.53,-82.13,64.0,51,1,8.05,US,2020-04-16 14:34:54
214,Cosesti,45.07,24.87,66.99,39,41,7.92,RO,2020-04-16 14:37:11
215,General Roca,-39.03,-67.58,64.4,59,0,3.98,AR,2020-04-16 14:37:11
216,Atar,20.52,-13.05,98.4,8,55,12.21,MR,2020-04-16 14:37:11
217,Saint Anthony,45.02,-93.22,36.0,59,1,11.41,US,2020-04-16 14:37:12
218,Yokadouma,3.52,15.05,94.69,33,99,1.86,CM,2020-04-16 14:37:12
219,Ilorin,8.5,4.55,104.45,18,0,5.06,NG,2020-04-16 14:33:08
220,Male,4.17,73.51,87.8,70,20,4.7,MV,2020-04-16 14:37:12
221,Hamilton,39.18,-84.53,43.0,48,1,6.93,US,2020-04-16 14:37:12
222,Zhanaozen,43.3,52.8,61.23,39,51,4.27,KZ,2020-04-16 14:37:12
223,Troitskiy,57.06,63.75,54.68,46,100,13.06,RU,2020-04-16 14:37:12
224,Vestmannaeyjar,63.44,-20.27,44.6,75,75,4.7,IS,2020-04-16 14:37:12
225,Anuradhapura,8.36,80.42,79.93,81,100,1.14,LK,2020-04-16 14:37:12
226,Beyneu,45.32,55.2,67.32,27,92,3.09,KZ,2020-04-16 14:37:12
227,Torbay,47.67,-52.73,37.99,93,90,12.75,CA,2020-04-16 14:37:12
228,Bhadrachalam,17.67,80.88,91.98,36,62,11.07,IN,2020-04-16 14:37:12
229,Reconquista,-29.15,-59.65,71.67,32,0,3.91,AR,2020-04-16 14:37:13
230,Vila Franca Do Campo,37.72,-25.43,60.8,77,40,12.75,PT,2020-04-16 14:37:13
231,Sisimiut,66.94,-53.67,31.69,90,98,9.95,GL,2020-04-16 14:37:13
232,Micoud,13.82,-60.9,87.8,58,40,20.8,LC,2020-04-16 14:37:13
233,Namibe,-15.2,12.15,79.63,61,0,12.37,AO,2020-04-16 14:37:13
234,Alghero,40.56,8.32,71.6,33,100,5.82,IT,2020-04-16 14:37:13
235,Castro,-24.79,-50.01,71.37,24,0,2.33,BR,2020-04-16 14:37:13
236,Tessalit,20.2,1.01,99.91,9,23,8.46,ML,2020-04-16 14:37:13
237,Lieksa,63.32,30.02,38.05,72,100,11.36,FI,2020-04-16 14:37:13
238,Cap-Chat,49.1,-66.68,27.27,86,83,18.57,CA,2020-04-16 14:37:14
239,Gilbues,-9.83,-45.34,81.37,61,65,4.83,BR,2020-04-16 14:37:14
240,Mossendjo,-2.95,12.73,78.8,83,100,3.6,CG,2020-04-16 14:37:14
241,Idanre,7.11,5.12,100.08,30,40,1.07,NG,2020-04-16 14:37:14
242,Bonavista,48.65,-53.11,36.0,87,47,10.0,CA,2020-04-16 14:35:48
243,Mecca,21.43,39.83,83.57,27,0,10.49,SA,2020-04-16 14:35:08
244,Thompson,55.74,-97.86,14.0,72,90,11.41,CA,2020-04-16 14:37:14
245,Labrea,-7.26,-64.8,80.19,76,79,4.85,BR,2020-04-16 14:37:14
246,Ancud,-41.87,-73.82,55.4,100,90,16.11,CL,2020-04-16 14:37:15
247,San Pedro,14.35,121.02,84.99,74,75,6.93,PH,2020-04-16 14:36:33
248,Olafsvik,64.89,-23.71,40.66,79,99,18.05,IS,2020-04-16 14:37:15
249,Bhitarwar,25.8,78.12,93.36,14,83,6.58,IN,2020-04-16 14:37:15
250,Puerto Colombia,10.99,-74.95,84.2,74,20,6.93,CO,2020-04-16 14:33:56
251,George,-33.96,22.46,68.0,60,0,6.93,ZA,2020-04-16 14:35:20
252,Sharlyk,52.92,54.75,39.09,80,100,11.97,RU,2020-04-16 14:37:15
253,Sosnovskoye,55.81,43.17,42.8,73,40,11.18,RU,2020-04-16 14:37:15
254,Camacari,-12.7,-38.32,86.0,70,40,10.29,BR,2020-04-16 14:37:15
255,Los Llanos De Aridane,28.66,-17.92,73.4,56,40,8.05,ES,2020-04-16 14:37:15
256,Deer Lake,49.17,-57.43,39.2,51,75,13.87,CA,2020-04-16 14:37:15
257,Luanda,-8.84,13.23,89.6,62,75,6.93,AO,2020-04-16 14:37:15
258,Buchanan,5.88,-10.05,93.2,63,40,3.36,LR,2020-04-16 14:37:15
259,Emba,48.83,58.14,55.78,36,100,15.26,KZ,2020-04-16 14:37:16
260,Igarka,67.47,86.58,25.83,97,99,11.9,RU,2020-04-16 14:37:16
261,Carnaiba,-8.7,-37.67,88.3,42,34,9.73,BR,2020-04-16 14:37:16
262,Linden,6.0,-58.3,86.0,70,75,11.41,GY,2020-04-16 14:36:44
263,Kutum,14.2,24.67,88.54,5,0,13.13,SD,2020-04-16 14:37:16
264,Nueva Loja,0.08,-76.88,75.2,94,90,2.24,EC,2020-04-16 14:37:16
265,Antofagasta,-23.65,-70.4,66.2,72,62,4.7,CL,2020-04-16 14:37:16
266,Santa Cruz Del Sur,20.71,-78.0,85.69,59,19,0.63,CU,2020-04-16 14:37:16
267,Kavaratti,10.57,72.64,85.51,66,8,5.79,IN,2020-04-16 14:37:16
268,Necochea,-38.55,-58.74,64.0,73,35,5.1,AR,2020-04-16 14:35:46
269,Margate,51.38,1.39,64.99,59,100,8.05,GB,2020-04-16 14:32:50
270,Olinda,-8.01,-34.86,82.4,88,40,5.82,BR,2020-04-16 14:37:17
271,Guarapuava,-25.4,-51.46,69.31,16,0,2.1,BR,2020-04-16 14:33:39
272,Richards Bay,-28.78,32.04,72.84,76,31,10.74,ZA,2020-04-16 14:37:17
273,Nevers,46.92,3.33,75.99,40,38,3.36,FR,2020-04-16 14:37:17
274,Saint-Pierre,-21.34,55.48,78.8,65,15,24.16,RE,2020-04-16 14:33:05
275,Placido De Castro,-10.34,-67.19,79.45,58,83,6.46,BR,2020-04-16 14:37:17
276,Mezhdurechensk,53.69,88.06,42.1,77,83,4.85,RU,2020-04-16 14:37:17
277,Birao,10.28,22.79,101.95,6,0,8.84,CF,2020-04-16 14:37:17
278,Oksfjord,70.24,22.35,39.2,60,33,2.24,NO,2020-04-16 14:37:17
279,Sisian,39.53,46.03,64.4,36,75,9.17,AM,2020-04-16 14:37:17
280,Marsh Harbour,26.54,-77.06,80.56,76,23,13.24,BS,2020-04-16 14:35:16
281,Shelburne,44.08,-80.2,35.6,67,75,10.29,CA,2020-04-16 14:37:18
282,Touros,-5.2,-35.46,77.0,94,90,4.7,BR,2020-04-16 14:37:18
283,Lagoa,39.05,-27.98,58.66,77,100,20.62,PT,2020-04-16 14:37:18
284,Saint-Joseph,-21.37,55.62,78.8,65,10,24.16,RE,2020-04-16 14:37:18
285,Koutiala,12.39,-5.46,103.59,18,6,10.49,ML,2020-04-16 14:37:18
286,Morant Bay,17.88,-76.41,86.0,66,75,6.93,JM,2020-04-16 14:37:18
287,Glamoc,44.05,16.85,57.54,34,34,3.78,BA,2020-04-16 14:37:18
288,Bloomsburg,41.0,-76.45,43.0,37,75,6.93,US,2020-04-16 14:36:16
289,Arlit,18.74,7.39,102.56,6,92,5.84,NE,2020-04-16 14:37:18
290,Zhezkazgan,47.8,67.71,53.96,35,0,8.66,KZ,2020-04-16 14:37:18
291,Ishim,56.11,69.49,51.17,60,87,9.71,RU,2020-04-16 14:37:18
292,Harrogate,53.99,-1.54,66.99,25,0,14.99,GB,2020-04-16 14:34:20
293,Aurillac,44.92,2.45,70.0,42,81,9.17,FR,2020-04-16 14:37:19
294,Paita,-5.09,-81.11,62.6,100,79,19.46,PE,2020-04-16 14:37:19
295,Coihaique,-45.58,-72.07,57.2,87,90,3.0,CL,2020-04-16 14:37:19
296,Cayenne,4.93,-52.33,86.0,66,75,11.41,GF,2020-04-16 14:37:19
297,Uyemskiy,64.47,40.85,39.2,69,75,6.71,RU,2020-04-16 14:37:19
298,Monopoli,40.96,17.29,66.2,27,0,6.93,IT,2020-04-16 14:37:19
299,Maralal,1.1,36.7,73.98,34,87,10.63,KE,2020-04-16 14:37:19
300,Camana,-16.62,-72.71,76.48,63,2,9.73,PE,2020-04-16 14:37:19
301,Sayyan,15.17,44.32,65.34,32,60,0.96,YE,2020-04-16 14:37:19
302,Gopalganj,26.47,84.43,86.97,29,65,9.4,IN,2020-04-16 14:37:19
303,San Andres,12.58,-81.7,84.2,70,40,9.17,CO,2020-04-16 14:37:20
304,Sinnamary,5.38,-52.95,81.95,77,74,9.93,GF,2020-04-16 14:37:20
305,Camacupa,-12.02,17.48,77.9,45,78,2.75,AO,2020-04-16 14:37:20
306,Cockburn Town,21.46,-71.14,80.6,74,75,12.75,TC,2020-04-16 14:37:20
307,Faya,18.39,42.45,71.6,52,40,11.41,SA,2020-04-16 14:37:20
308,Kolpashevo,58.31,82.91,35.26,92,58,3.87,RU,2020-04-16 14:37:20
309,Camanducaia,-22.76,-46.14,75.2,64,75,3.36,BR,2020-04-16 14:37:20
310,Tuzha,57.61,47.94,37.06,83,100,14.36,RU,2020-04-16 14:37:20
311,Aravissos,40.84,22.3,63.0,39,0,10.29,GR,2020-04-16 14:37:20
312,Jodar,37.84,-3.35,81.0,29,100,9.73,ES,2020-04-16 14:37:20
313,Jackson,42.42,-122.83,43.0,80,1,3.36,US,2020-04-16 14:37:20
314,Sechura,-5.56,-80.82,75.43,68,93,10.56,PE,2020-04-16 14:37:21
315,Thunder Bay,48.4,-89.32,30.0,42,40,13.87,CA,2020-04-16 14:36:06
316,Balezino,57.98,53.01,39.85,67,100,9.75,RU,2020-04-16 14:33:04
317,Omboue,-1.57,9.26,81.9,86,100,10.71,GA,2020-04-16 14:37:21
318,Middelburg,-25.78,29.46,72.05,19,0,10.98,ZA,2020-04-16 14:37:21
319,Harper,4.38,-7.72,86.9,67,30,7.74,LR,2020-04-16 14:37:21
320,Kontagora,10.4,5.47,107.82,8,11,2.84,NG,2020-04-16 14:37:21
321,Totness,5.88,-56.32,83.03,66,75,10.74,SR,2020-04-16 14:37:21
322,The Valley,18.22,-63.06,84.2,66,40,11.41,AI,2020-04-16 14:37:21
323,Randolph,35.7,-79.82,59.0,50,1,5.82,US,2020-04-16 14:37:21
324,Kembe,4.62,21.89,96.69,24,21,2.68,CF,2020-04-16 14:37:22
325,Ferrol,43.48,-8.24,62.6,67,20,8.05,ES,2020-04-16 14:37:22
326,Viedma,-40.81,-63.0,71.73,32,100,19.51,AR,2020-04-16 14:37:22
327,Melfi,41.0,15.65,68.0,22,65,8.05,IT,2020-04-16 14:37:22
328,Pitkyaranta,61.57,31.48,40.35,68,73,13.18,RU,2020-04-16 14:33:04
329,Vardo,70.37,31.11,35.6,74,75,19.66,NO,2020-04-16 14:37:22
330,Nkoteng,4.52,12.03,86.86,49,100,1.9,CM,2020-04-16 14:37:22
331,Bibiani,6.46,-2.32,93.85,42,45,2.98,GH,2020-04-16 14:37:22
332,Coquimbo,-29.95,-71.34,64.4,63,1,5.82,CL,2020-04-16 14:37:22
333,Uyuni,-20.46,-66.83,49.48,11,14,5.82,BO,2020-04-16 14:34:58
334,Mahon,39.89,4.27,68.0,68,40,6.93,ES,2020-04-16 14:37:22
335,Acarau,-2.89,-40.12,85.35,74,5,6.89,BR,2020-04-16 14:37:23
336,Nikolsk,53.72,46.07,40.44,67,85,11.27,RU,2020-04-16 14:33:05
337,Bulungu,-4.55,18.6,89.76,53,88,4.43,CD,2020-04-16 14:37:23
338,Saryozek,44.36,77.98,45.34,43,19,1.59,KZ,2020-04-16 14:37:23
339,Keuruu,62.27,24.7,43.0,75,75,18.34,FI,2020-04-16 14:37:23
340,Mutis,6.23,-77.4,79.99,77,28,1.7,CO,2020-04-16 14:37:23
341,Ondjiva,-17.07,15.73,93.2,28,20,6.93,AO,2020-04-16 14:37:23
342,Chapais,49.78,-74.85,24.8,45,1,12.75,CA,2020-04-16 14:32:42
343,Abu Dhabi,24.47,54.37,80.6,74,20,6.93,AE,2020-04-16 14:33:55
344,Skibbereen,51.55,-9.27,55.4,54,75,18.34,IE,2020-04-16 14:37:23
345,Talnakh,69.49,88.4,19.4,57,90,11.18,RU,2020-04-16 14:33:05
346,Porto Santo,33.07,-16.34,68.0,56,40,17.22,PT,2020-04-16 14:37:23
347,Izhma,65.01,53.91,37.2,78,99,11.56,RU,2020-04-16 14:37:23
348,Falmouth,50.15,-5.07,66.99,82,75,13.87,GB,2020-04-16 14:34:15
349,Barcelos,41.54,-8.62,62.6,77,20,12.75,PT,2020-04-16 14:37:23
350,Rumuruti,0.27,36.54,73.44,34,98,11.07,KE,2020-04-16 14:37:24
351,Sao Desiderio,-12.36,-44.97,81.39,61,77,2.84,BR,2020-04-16 14:37:24
352,Camacha,33.08,-16.33,68.0,56,40,17.22,PT,2020-04-16 14:37:24
353,Dakar,14.69,-17.44,87.8,60,25,21.92,SN,2020-04-16 14:34:06
354,Tiznit,29.58,-9.5,71.92,35,90,11.81,MA,2020-04-16 14:37:24
355,Guasdualito,7.24,-70.73,84.2,51,40,9.17,VE,2020-04-16 14:37:24
356,Bonthe,7.53,-12.51,86.72,66,99,4.76,SL,2020-04-16 14:37:24
357,Lodja,-3.48,23.43,86.14,56,92,2.19,CD,2020-04-16 14:37:24
358,Peniche,39.36,-9.38,66.0,87,75,25.28,PT,2020-04-16 14:37:24
359,Havelock,34.88,-76.9,61.0,38,20,11.41,US,2020-04-16 14:37:24
360,Khuzdar,27.74,66.64,75.52,21,100,11.59,PK,2020-04-16 14:37:24
361,Hammerfest,70.66,23.68,39.2,59,87,3.36,NO,2020-04-16 14:37:24
362,Knysna,-34.04,23.05,68.0,60,0,6.93,ZA,2020-04-16 14:37:25
363,Kalemie,-5.95,29.19,78.6,58,60,4.47,CD,2020-04-16 14:37:25
364,Angoche,-16.23,39.91,81.37,75,0,6.76,MZ,2020-04-16 14:37:25
365,Kjollefjord,70.95,27.35,37.4,64,100,4.7,NO,2020-04-16 14:37:25
366,Kanker,20.27,81.49,86.94,21,25,3.65,IN,2020-04-16 14:37:25
367,Porto Nacional,-10.71,-48.42,82.4,74,40,5.82,BR,2020-04-16 14:37:25
368,Uaua,-9.84,-39.48,85.28,48,64,9.01,BR,2020-04-16 14:37:25
369,Talmenka,53.82,83.57,48.2,49,40,8.95,RU,2020-04-16 14:37:25
370,Fandriana,-20.23,47.38,59.95,61,11,4.65,MG,2020-04-16 14:37:25
371,Sept-Iles,50.2,-66.38,28.0,41,75,12.75,CA,2020-04-16 14:37:25
372,Nalut,30.33,10.85,87.71,21,72,7.65,LY,2020-04-16 14:37:26
373,Tunceli,39.11,39.55,59.0,58,75,25.28,TR,2020-04-16 14:37:26
374,Naberera,-4.2,36.93,70.25,57,89,7.54,TZ,2020-04-16 14:37:26
375,Aras,42.56,-2.36,68.0,68,98,20.8,ES,2020-04-16 14:37:26
376,Mayumba,-3.43,10.66,80.56,83,100,8.01,GA,2020-04-16 14:37:26
377,Douentza,15.0,-2.95,107.49,6,59,12.75,ML,2020-04-16 14:37:26
378,Bichena,10.45,38.2,70.16,24,68,0.13,ET,2020-04-16 14:37:26
379,Gat,31.61,34.76,71.01,72,75,13.87,IL,2020-04-16 14:37:26
380,Marzuq,14.4,46.47,79.47,42,100,7.61,YE,2020-04-16 14:37:26
381,Surgut,61.25,73.42,44.6,65,100,2.24,RU,2020-04-16 14:36:05
382,Batsfjord,70.63,29.72,35.6,74,75,8.97,NO,2020-04-16 14:37:26
383,Sidi Ali,36.1,0.42,76.73,40,17,10.45,DZ,2020-04-16 14:37:27
384,Fauske,67.26,15.39,37.99,89,75,20.8,NO,2020-04-16 14:37:27
385,Saint-Leu,-21.15,55.28,78.8,65,20,24.16,RE,2020-04-16 14:37:27
386,Carbonia,39.17,8.52,68.0,77,20,16.11,IT,2020-04-16 14:37:27
387,Veraval,20.9,70.37,83.1,53,50,13.56,IN,2020-04-16 14:32:39
388,Gravdal,68.12,13.5,37.4,74,75,17.22,NO,2020-04-16 14:37:27
389,Mezen,65.85,44.24,34.36,96,100,7.63,RU,2020-04-16 14:37:27
390,Pauini,-7.71,-66.98,82.31,68,80,4.68,BR,2020-04-16 14:32:41
391,Puerto Baquerizo Moreno,-0.9,-89.6,78.73,83,75,10.56,EC,2020-04-16 14:37:27
392,Korla,41.76,86.15,66.11,28,100,10.76,CN,2020-04-16 14:37:27
393,Kotaparh,19.15,82.35,84.58,25,32,6.93,IN,2020-04-16 14:37:27
394,Volda,62.15,6.07,42.8,75,75,20.8,NO,2020-04-16 14:37:28
395,Kribi,2.95,9.92,84.34,79,90,8.72,CM,2020-04-16 14:37:28
396,Liverpool,53.41,-2.98,70.0,32,1,9.17,GB,2020-04-16 14:37:28
397,Naliya,23.27,68.83,81.07,67,91,12.41,IN,2020-04-16 14:37:28
398,Khash,28.22,61.22,60.51,46,85,9.44,IR,2020-04-16 14:37:28
399,Bedesa,8.9,40.78,70.95,47,98,3.22,ET,2020-04-16 14:37:28
400,Zdvinsk,54.7,78.66,40.77,77,36,4.92,RU,2020-04-16 14:35:06
401,Wilmington,34.23,-77.94,62.01,41,1,9.17,US,2020-04-16 14:33:28
402,Sladkovo,55.53,70.34,50.92,58,65,8.75,RU,2020-04-16 14:33:39
403,Coihueco,-36.62,-71.83,55.0,100,90,4.7,CL,2020-04-16 14:37:28
404,Santa Fe,-31.63,-60.7,73.99,48,0,4.0,AR,2020-04-16 14:37:28
405,Pavilosta,56.89,21.19,50.0,46,0,12.75,LV,2020-04-16 14:37:28
406,Storslett,69.77,21.02,36.25,78,8,0.72,NO,2020-04-16 14:37:28
407,Ebolowa,2.9,11.15,81.19,69,100,1.9,CM,2020-04-16 14:37:28
408,Surab,28.49,66.26,65.01,27,100,12.01,PK,2020-04-16 14:37:29
409,Portree,57.41,-6.19,52.0,62,12,11.99,GB,2020-04-16 14:37:29
410,Goderich,43.75,-81.72,35.01,84,33,16.51,CA,2020-04-16 14:35:50
411,Sergeyevka,53.88,67.42,52.34,47,100,10.18,KZ,2020-04-16 14:37:29
412,Sebezh,56.3,28.47,39.42,74,92,18.45,RU,2020-04-16 14:37:29
413,Yining,29.04,114.56,68.95,73,0,2.21,CN,2020-04-16 14:37:29
414,Dudinka,69.41,86.18,19.4,57,49,11.18,RU,2020-04-16 14:37:29
415,Veinticinco De Mayo,-35.43,-60.17,66.45,39,0,3.69,AR,2020-04-16 14:37:29
416,Daloa,6.88,-6.45,95.67,37,73,4.68,CI,2020-04-16 14:37:29
417,Umm Lajj,25.02,37.27,80.44,40,0,7.9,SA,2020-04-16 14:37:29
418,Leshukonskoye,64.9,45.76,34.63,92,100,9.24,RU,2020-04-16 14:33:04
419,Lima,-12.04,-77.03,77.0,69,2,2.24,PE,2020-04-16 14:37:29
420,Doha,25.29,51.53,78.8,61,20,6.93,QA,2020-04-16 14:36:53
421,Moose Factory,51.26,-80.61,17.6,52,20,14.99,CA,2020-04-16 14:37:30
422,Callaway,30.15,-85.57,63.0,29,1,17.22,US,2020-04-16 14:37:30
423,Sault Sainte Marie,46.52,-84.33,30.2,63,20,9.17,CA,2020-04-16 14:35:25
424,Coxim,-18.51,-54.76,76.82,52,0,7.81,BR,2020-04-16 14:37:30
425,Thomaston,32.89,-84.33,61.0,33,1,3.36,US,2020-04-16 14:37:30
426,Terme,41.21,36.97,51.8,62,75,2.24,TR,2020-04-16 14:37:30
427,Kalabo,-14.97,22.68,83.66,40,79,5.84,ZM,2020-04-16 14:37:30
428,Hambantota,6.12,81.12,83.46,74,73,4.27,LK,2020-04-16 14:37:30
429,Pavlivka,49.44,28.46,68.0,20,75,24.61,UA,2020-04-16 14:37:30
430,Prainha,-1.8,-53.48,87.08,60,42,3.8,BR,2020-04-16 14:37:30
431,Taoudenni,22.68,-3.98,100.33,11,15,7.07,ML,2020-04-16 14:37:31
432,Grand Gaube,-20.01,57.66,75.2,94,75,13.87,MU,2020-04-16 14:37:31
433,Taltal,-25.4,-70.48,71.76,52,46,7.18,CL,2020-04-16 14:37:31
434,Wexford,52.33,-6.46,62.6,42,100,14.99,IE,2020-04-16 14:37:31
435,Calvinia,-31.47,19.78,71.35,18,0,11.48,ZA,2020-04-16 14:37:31
436,Hilpoltstein,49.19,11.19,73.4,46,100,9.17,DE,2020-04-16 14:37:31
437,Bom Jesus,-9.07,-44.36,82.49,68,34,4.52,BR,2020-04-16 14:37:31
438,Melilla,35.29,-2.94,68.0,82,20,11.41,ES,2020-04-16 14:37:31
439,Pitsunda,43.16,40.34,51.8,53,75,13.42,GE,2020-04-16 14:37:31
440,Mazamet,43.49,2.37,68.0,42,43,28.86,FR,2020-04-16 14:37:31
441,Sao Gabriel Da Cachoeira,-0.13,-67.09,78.8,88,40,8.05,BR,2020-04-16 14:37:31
442,Jacmel,18.23,-72.53,86.0,62,20,11.41,HT,2020-04-16 14:37:32
443,Vesele,47.01,34.91,55.31,54,81,18.05,UA,2020-04-16 14:37:32
444,Rimini,44.02,12.52,63.0,58,100,12.75,IT,2020-04-16 14:37:32
445,Hadejia,12.45,10.04,106.16,6,2,12.86,NG,2020-04-16 14:37:32
446,Leamington,42.05,-82.61,37.99,59,40,12.75,CA,2020-04-16 14:34:53
447,Sao Filipe,14.9,-24.5,73.17,73,96,18.52,CV,2020-04-16 14:37:32
448,Campos Gerais,-21.23,-45.76,74.68,60,99,5.66,BR,2020-04-16 14:37:32
449,Vagur,61.47,-6.81,45.25,68,33,6.17,FO,2020-04-16 14:37:32
450,Vilhena,-12.74,-60.15,75.2,78,20,12.75,BR,2020-04-16 14:37:32
451,Mormugao,15.4,73.8,86.0,74,20,9.17,IN,2020-04-16 14:37:32
452,Marrakesh,31.63,-8.01,77.0,33,40,6.93,MA,2020-04-16 14:34:07
453,Villa Carlos Paz,-31.42,-64.5,71.6,49,4,9.17,AR,2020-04-16 14:37:33
454,La Plaine,15.33,-61.25,82.4,94,75,1.12,DM,2020-04-16 14:37:33
455,Chadiza,-14.07,32.44,78.12,47,3,4.23,ZM,2020-04-16 14:37:33
456,Bengkulu,-3.8,102.27,79.65,81,100,4.25,ID,2020-04-16 14:37:33
457,Soavinandriana,-19.17,46.73,62.91,49,13,6.8,MG,2020-04-16 14:37:33
458,Dagana,16.52,-15.51,97.36,12,70,6.98,MR,2020-04-16 14:37:33
459,Madimba,-10.4,40.33,84.2,83,40,11.41,TZ,2020-04-16 14:37:33
460,Berbera,10.44,45.01,84.87,72,21,7.27,SO,2020-04-16 14:37:33
461,Yenagoa,4.92,6.26,88.14,73,96,7.0,NG,2020-04-16 14:37:34
462,Oktyabrskoye,43.06,44.74,46.4,65,75,4.47,RU,2020-04-16 14:37:34
463,Condega,13.37,-86.4,69.8,73,40,4.85,NI,2020-04-16 14:37:34
464,Port Shepstone,-30.74,30.45,70.54,65,54,8.5,ZA,2020-04-16 14:37:34
465,Dalton,34.77,-84.97,55.0,51,1,8.05,US,2020-04-16 14:37:34
466,Aswan,24.09,32.91,93.2,11,12,5.82,EG,2020-04-16 14:37:34
467,La Asuncion,11.03,-63.86,82.4,74,100,12.75,VE,2020-04-16 14:37:34
468,Satwas,22.53,76.68,95.22,13,44,8.95,IN,2020-04-16 14:37:35
469,Tupiza,-21.45,-65.72,58.1,18,15,5.17,BO,2020-04-16 14:37:35
470,Umea,63.83,20.26,48.2,39,20,18.34,SE,2020-04-16 14:37:35
471,Zvishavane,-20.33,30.07,81.1,29,63,0.54,ZW,2020-04-16 14:37:35
472,Najran,17.49,44.13,87.8,33,20,6.93,SA,2020-04-16 14:37:35
473,Arona,28.1,-16.68,78.8,39,20,17.22,ES,2020-04-16 14:37:35
474,Xai-Xai,-25.05,33.64,78.37,79,32,9.91,MZ,2020-04-16 14:37:35
475,Dumraon,25.55,84.15,93.72,15,74,6.49,IN,2020-04-16 14:37:35
476,Sindor,62.86,51.89,36.61,75,58,10.4,RU,2020-04-16 14:37:35
477,Bria,6.54,21.99,98.19,13,33,2.06,CF,2020-04-16 14:37:35
478,Boende,-0.22,20.87,90.48,49,100,0.2,CD,2020-04-16 14:37:35
479,Abu Samrah,35.3,37.18,70.41,33,82,0.45,SY,2020-04-16 14:37:35
480,Lannion,48.75,-3.42,71.01,43,18,11.41,FR,2020-04-16 14:37:36
481,Nuuk,64.18,-51.72,32.0,96,75,26.4,GL,2020-04-16 14:37:36
482,Carnarvon,-24.87,113.63,77.0,73,0,11.41,AU,2020-04-16 14:37:36
483,Goundam,16.41,-3.67,102.4,13,9,7.2,ML,2020-04-16 14:37:36
484,Sabha,27.04,14.43,89.58,15,98,22.15,LY,2020-04-16 14:37:36
485,Porto Torres,40.84,8.4,71.6,33,100,5.82,IT,2020-04-16 14:37:36
486,Saint-Francois,46.42,3.91,73.99,33,48,2.24,FR,2020-04-16 14:37:36
487,Laguna,38.42,-121.42,57.0,87,1,4.7,US,2020-04-16 14:37:36
488,Inta,66.03,60.17,38.64,75,100,23.73,RU,2020-04-16 14:37:36
489,Tucuma,-0.18,-50.05,83.66,70,78,2.77,BR,2020-04-16 14:37:36
490,San Ramon,37.78,-121.98,55.4,81,90,2.55,US,2020-04-16 14:37:36
491,Guapore,-28.85,-51.89,68.0,37,0,4.76,BR,2020-04-16 14:34:56
492,Vila Do Maio,15.13,-23.22,80.6,54,75,19.46,CV,2020-04-16 14:37:36
493,Mangan,27.52,88.53,66.61,36,49,3.65,IN,2020-04-16 14:37:37
494,Kyzyl-Suu,42.34,78.0,42.91,37,30,2.59,KG,2020-04-16 14:37:37
495,Mbanza-Ngungu,-5.25,14.87,78.4,75,100,3.49,CD,2020-04-16 14:37:37
496,Candido De Abreu,-24.57,-51.33,76.08,24,0,1.52,BR,2020-04-16 14:37:37
497,Urumqi,43.8,87.6,55.4,66,75,15.66,CN,2020-04-16 14:37:37
498,Yazykovo,55.22,56.14,38.37,83,100,10.27,RU,2020-04-16 14:37:37
499,Adeje,28.12,-16.73,78.8,39,20,17.22,ES,2020-04-16 14:37:37
500,Tashtagol,52.77,87.89,40.24,67,49,4.38,RU,2020-04-16 14:37:37
501,Breytovo,58.3,37.86,38.14,73,50,3.47,RU,2020-04-16 14:37:37
502,Praia,14.92,-23.51,80.6,54,75,19.46,CV,2020-04-16 14:37:37
503,Lundazi,-12.29,33.18,74.12,53,18,7.11,ZM,2020-04-16 14:37:37
504,Paamiut,61.99,-49.67,33.3,87,100,29.73,GL,2020-04-16 14:37:37
505,Pokhara,28.23,83.98,67.55,31,58,5.06,NP,2020-04-16 14:37:38
506,Rio Gallegos,-51.62,-69.22,46.4,93,71,2.24,AR,2020-04-16 14:37:38
507,Jalu,29.03,21.55,83.88,19,94,15.1,LY,2020-04-16 14:37:38
508,Nadym,65.53,72.52,21.65,97,80,10.04,RU,2020-04-16 14:37:38
509,Malanje,-9.54,16.34,71.6,94,75,4.7,AO,2020-04-16 14:37:38
510,Energetik,51.74,58.79,54.16,38,98,16.62,RU,2020-04-16 14:37:38
511,Mantua,45.17,10.78,70.0,24,100,5.82,IT,2020-04-16 14:37:38
512,Astana,51.18,71.45,57.2,28,25,6.71,KZ,2020-04-16 14:37:38
513,Eyl,7.98,49.82,85.17,71,4,12.66,SO,2020-04-16 14:37:38
514,Ankazoabo,-22.28,44.52,81.97,41,31,4.05,MG,2020-04-16 14:37:38
515,Machaneng,-23.19,27.49,91.04,10,8,3.8,BW,2020-04-16 14:37:38
516,Luxor,25.7,32.64,95.0,16,7,5.82,EG,2020-04-16 14:37:38
517,Tirana,41.33,19.82,66.2,42,19,10.29,AL,2020-04-16 14:36:50
518,San Rafael,-34.62,-68.33,74.05,30,0,10.58,AR,2020-04-16 14:34:22
519,Luau,-10.71,22.22,77.54,57,86,4.25,AO,2020-04-16 14:37:39
520,Pisco,-13.7,-76.22,77.0,30,24,5.82,PE,2020-04-16 14:37:39
521,Velasco Ibarra,-1.05,-79.62,83.23,74,69,0.45,EC,2020-04-16 14:37:39
522,Kapuskasing,49.42,-82.43,19.4,57,40,2.24,CA,2020-04-16 14:36:34
523,Waounde,15.26,-12.87,104.74,20,31,4.85,SN,2020-04-16 14:37:39
524,Cap Malheureux,-19.98,57.61,75.2,94,75,13.87,MU,2020-04-16 14:37:39
525,Kalininaul,43.07,46.57,40.8,65,100,4.74,RU,2020-04-16 14:37:39
526,Arys,42.43,68.8,60.8,51,41,2.24,KZ,2020-04-16 14:37:39
527,Sheregesh,52.92,87.99,38.25,67,41,4.68,RU,2020-04-16 14:37:40
528,Sertania,-8.07,-37.26,83.98,49,56,7.07,BR,2020-04-16 14:37:40
529,Boulsa,12.67,-0.58,109.26,6,40,11.99,BF,2020-04-16 14:37:40
530,Sile,41.18,29.61,59.0,44,0,8.05,TR,2020-04-16 14:37:40
531,Nouadhibou,20.93,-17.03,73.4,64,25,17.22,MR,2020-04-16 14:37:40
532,Bloemhof,-27.65,25.61,71.22,14,0,6.85,ZA,2020-04-16 14:37:40
533,Chicama,-7.84,-79.15,71.6,83,2,8.05,PE,2020-04-16 14:37:40
534,Kuusamo,65.97,29.18,35.6,51,100,18.34,FI,2020-04-16 14:37:40
535,Nicoya,10.15,-85.45,86.0,55,20,10.29,CR,2020-04-16 14:37:40
536,Kaputa,-8.47,29.66,78.01,62,84,2.28,ZM,2020-04-16 14:37:40
537,Plunge,55.91,21.84,48.2,66,0,6.93,LT,2020-04-16 14:37:40
538,Turukhansk,65.82,87.98,33.78,89,77,10.96,RU,2020-04-16 14:37:40
539,Catamarca,-28.47,-65.79,77.0,57,46,8.01,AR,2020-04-16 14:37:41
540,Tefe,-3.35,-64.71,75.2,100,75,10.29,BR,2020-04-16 14:37:41
541,Kharan,28.58,65.42,70.95,44,100,27.09,PK,2020-04-16 14:37:41
542,Kiyasovo,56.35,53.12,42.01,61,100,5.01,RU,2020-04-16 14:37:41
543,Ust-Ishim,57.69,71.17,46.56,77,70,5.19,RU,2020-04-16 14:37:41
544,Kismayo,-0.36,42.55,84.0,75,67,11.16,SO,2020-04-16 14:37:41
545,Luz,-19.8,-45.69,72.03,65,100,4.76,BR,2020-04-16 14:37:41
546,Grand-Santi,4.25,-54.38,91.02,47,46,2.91,GF,2020-04-16 14:37:41
547,La Sarre,48.8,-79.2,27.21,88,99,11.03,CA,2020-04-16 14:33:56
548,Kennett,36.24,-90.06,53.01,53,0,10.29,US,2020-04-16 14:37:41
549,Endicott,42.1,-76.05,36.0,58,75,10.29,US,2020-04-16 14:37:41
550,Talcahuano,-36.72,-73.12,60.8,77,64,9.17,CL,2020-04-16 14:37:37
551,Bahia Blanca,-38.72,-62.27,71.4,35,26,13.53,AR,2020-04-16 14:37:41
552,Boa Vista,2.82,-60.67,86.0,48,75,10.29,BR,2020-04-16 14:37:42
553,Bud,39.45,-86.18,39.99,55,90,6.93,US,2020-04-16 14:34:32
554,Walvis Bay,-22.96,14.51,69.8,52,6,9.17,NA,2020-04-16 14:37:42
555,Klyuchi,52.27,79.17,52.54,51,58,4.5,RU,2020-04-16 14:37:42
556,Manta,-0.95,-80.73,84.2,74,66,4.99,EC,2020-04-16 14:34:25
557,Monte Patria,-30.69,-70.95,78.46,27,0,5.14,CL,2020-04-16 14:37:42
558,Sayan,-11.14,-77.19,76.6,37,90,7.4,PE,2020-04-16 14:37:42
559,Cabedelo,-6.98,-34.83,77.0,100,75,11.41,BR,2020-04-16 14:36:39
560,Zambrano,9.75,-74.82,89.28,53,3,6.44,CO,2020-04-16 14:37:42
561,Mahibadhoo,3.78,72.97,86.52,64,58,2.93,MV,2020-04-16 14:37:42
562,Encruzilhada Do Sul,-30.54,-52.52,66.13,51,0,8.37,BR,2020-04-16 14:37:42
563,Mponela,-13.53,33.74,80.6,51,20,14.99,MW,2020-04-16 14:37:42
564,Lafia,8.48,8.52,107.38,11,0,6.53,NG,2020-04-16 14:37:01
565,Inhapim,-19.55,-42.12,83.26,55,72,1.03,BR,2020-04-16 14:37:43
